T_Number,Sender,Recipient,Amount,Explorer_Link
T1,Alice,Bob,10,https://stellar.expert/explorer/testnet/tx/72873c28ae85b1ee10f75af7b71ce1fbdf5019c3c9cc5147f009b066fc047f2d
T2,Bob,Charlie,200,https://stellar.expert/explorer/testnet/tx/993d9f2da69856cc82c9e0e17473e7e5c815aff1ea6e35f3c2b1c8899e8b111d
T3,Dave,Charlie,10,https://stellar.expert/explorer/testnet/tx/b7991d358f842090dd68889feb1e38504e1f6ff9a21745e401f580572eca8f2e
T4,Alice,Bob,20,https://stellar.expert/explorer/testnet/tx/97257c882a83fa84e10f3af5d9a500f97add0b6062bfed21e7cb7ade2a9a440e
T5,Alice,Bob,30,https://stellar.expert/explorer/testnet/tx/bb58daaa37f6b357568d0f022d34d465f76259a9af9c240e165541bb702f0c91
T6,Charlie,Alice,10,https://stellar.expert/explorer/testnet/tx/42da4493ba229aa2dbb78d620effddcfa2ac3c1ce0dc65edaa5b614e23758410
T7,Charlie,Dave,20,https://stellar.expert/explorer/testnet/tx/565ea7789e7a13df215ef1b2fdd112d854f06a69f85571174be1ba8f9bb934be
T8,Bob,Dave,20,https://stellar.expert/explorer/testnet/tx/dbeac54890cda3299ebdb21563fa05372dca1a9da247a5b6a08a066e69f17afc
T9,Dave,Charlie,90,https://stellar.expert/explorer/testnet/tx/6e767f4931d94c5da234245ef8f5678a49a35d13ab8930a475d375250b8813dd
T10,Dave,Alice,10,https://stellar.expert/explorer/testnet/tx/a1e6ead521361c792af58e2be572f8af99139141015ddc62c1aa2135dddccdef
T11,Dave,Bob,10,https://stellar.expert/explorer/testnet/tx/364a075906520c9babf12b44a8f59dc9c442d1b89399fa53b794e4a5e931ff1b